<?xml version="1.0" encoding="UTF-8"?>
<nifty xmlns="http://nifty-gui.sourceforge.net/nifty-1.3.xsd" xmlns:xsi="http://www.w3.org/2001/XMLSchema-instance" xsi:schemaLocation="http://nifty-gui.sourceforge.net/nifty-1.3.xsd http://nifty-gui.sourceforge.net/nifty-1.3.xsd">
  <!-- +++++++++++++++++++++++++++++++++++++++ -->
  <!-- start screen -->
  <!-- +++++++++++++++++++++++++++++++++++++++ -->
    <useStyles filename= "nifty-default-styles.xml"/> 
    <useControls filename= "nifty-default-controls.xml"/> 
  <screen id="controls" controller="mygame.ControlScreen">
    <layer id="GLayer0" childLayout="absolute" backgroundImage="Interface/Controls Screen.PNG">
        <panel id="GPanel2" childLayout="absolute"  width="653px" x="81" y="125" height="466px">
            <control name="label" id="GButton1" childLayout="center" x="380" y="90" text="Key" height="50px"  width="100px" font="aurulent-sans-16.fnt" backgroundColor="#cc0033ff"/>
            
            <control name="label" id="GButton2" childLayout="center" x="650" y="90" text="Function" height="50px" width="170px" font="aurulent-sans-16.fnt" backgroundColor="#cc0033ff"/>
            
            <control name="label" id="GLabel0" width="100px" x="380" y="153" text="1" height="50px" font="aurulent-sans-16.fnt"/>
            
            <control name="label" id="GLabel1" width="100px" x="380" y="221" text="2" height="50px" font="aurulent-sans-16.fnt"/>
            
            <control name="label" id="GLabel2" width="100px" x="380" y="269" text="3" height="50px" font="aurulent-sans-16.fnt"/>
            
            <control name="label" id="GLabel3" textLineHeight="23px" width="100px" x="380" y="322" text="4" height="50px" font="aurulent-sans-16.fnt"/>
            
            <control name="label" id="GLabel5" width="100px" x="680" y="153" text="Insert Nickel" height="50px" font="aurulent-sans-16.fnt"/>
            
            <control name="label" id="GLabel10" width="100px" x="380" y="381" text="Space Bar" height="50px" font="aurulent-sans-16.fnt"/>
            
            <control name="label" id="GLabel8" width="146px" x="655" y="319" text="Insert Fake Quarter" height="50px" font="aurulent-sans-16.fnt"/>
            
            <control name="label" id="GLabel7" width="100px" x="680" y="260" text="Insert Quarter" height="50px" font="aurulent-sans-16.fnt"/>
            
            <control name="label" id="GLabel6" width="100px" x="680" y="211" text="Insert Dime" height="50px" font="aurulent-sans-16.fnt"/>
            
            <control name="label" id="GLabel11" width="100px" x="680" y="381" text="Turn Crank" height="50px" font="aurulent-sans-16.fnt"/>
            
            <control name="button" id="GButton4" visibleToMouse="false" childLayout="center" x="550" y="480" label="Next" height="47px" backgroundColor="#0000ffff">
                  <interact onClick="next()"></interact>
            </control>
        </panel>
        </layer>

  </screen>
</nifty>
